Club,Season,GW_Played,Goals_Scored,Goals_Conceded,Goal_Difference,Expenditure,Income,Net,Points,Points_per_GW,Expenditure_per_Point_per_GW,Manager,Owner,Champion,Relegated
LIV,2019,18,46,14,32,-2.17,47.42,45.25,49,2.722222222,-0.797142857,Klopp,Fenway,FALSE,FALSE
LEI,2019,19,41,18,23,-120.95,99.52,-21.43,39,2.052631579,-58.92435897,Rodgers,King_Power,FALSE,FALSE
MCI,2019,19,50,20,30,-191.52,78.66,-112.86,38,2,-95.76,Guardiola,City_Football,FALSE,FALSE
CHE,2019,19,33,27,6,-51.30,166.16,114.86,32,1.684210526,-30.459375,Lampard,Abramovich,FALSE,FALSE
SHU,2019,19,23,17,6,-54.15,0,-54.15,28,1.473684211,-36.74464286,Wilder,Al_Saud,FALSE,FALSE
WOL,2019,19,26,22,4,-110.58,3.88,-106.7,27,1.421052632,-77.81555556,Santo,Fosun,FALSE,FALSE
TOT,2019,19,34,27,7,-129.96,39.9,-90.06,26,1.368421053,-94.97076923,Mourinho,ENIC,FALSE,FALSE
MAN,2019,19,30,23,7,-181.26,79.23,-102.03,25,1.315789474,-137.7576,Solsjkaer,Glazer,FALSE,FALSE
NEW,2019,19,19,28,-9,-77.98,40.63,-37.35,25,1.315789474,-59.2648,Bruce,Ashley,FALSE,FALSE
BUR,2019,19,23,30,-7,-10.72,10.03,-0.69,24,1.263157895,-8.486666667,Dyche,Garlick,FALSE,FALSE
ARS,2019,19,25,28,-3,-173.74,61.05,-112.69,23,1.210526316,-143.5243478,Emery,Kroenke,FALSE,FALSE
CRY,2019,19,17,21,-4,-8.66,63.56,54.9,23,1.210526316,-7.153913043,Hodgson,Parish,FALSE,FALSE
BHA,2019,19,22,28,-6,-77.24,2.85,-74.39,20,1.052631579,-73.378,Potter,Bloom,FALSE,FALSE
EVE,2019,19,21,29,-8,-136.69,91.77,-44.92,19,1,-136.69,Silva,Moshiri,FALSE,FALSE
WHU,2019,18,23,30,-7,-90.86,60.85,-30.01,19,1.055555556,-86.07789474,Pellegrini,Sullivan,FALSE,FALSE
BOU,2019,19,20,26,-6,-64.35,39.33,-25.02,19,1,-64.35,Howe,Demin,FALSE,FALSE
SOU,2019,19,23,37,-14,-66.80,30.1,-36.7,18,0.947368421,-70.51111111,Hasenhuttl,Jisheng,FALSE,FALSE
AVL,2019,19,25,33,-8,-169.40,0,-169.4,15,0.789473684,-214.5733333,D_Smith,Sawiris,FALSE,FALSE
WAT,2019,19,12,33,-21,-45.60,26.22,-19.38,12,0.631578947,-72.2,Flores,Pozzo,FALSE,FALSE
NOR,2019,19,19,38,-19,-4.75,1.14,-3.61,12,0.631578947,-7.520833333,Farke,Jones,FALSE,FALSE
MCI,2018,38,95,23,72,-89.59,61.67,-27.92,98,2.578947368,-34.73897959,Guardiola,City_Football,TRUE,FALSE
LIV,2018,38,89,22,67,-160.85,46.85,-114,97,2.552631579,-63.01340206,Klopp,Fenway,FALSE,FALSE
CHE,2018,38,63,39,24,-238.03,79.29,-158.74,72,1.894736842,-125.6269444,Sarri,Abramovich,FALSE,FALSE
TOT,2018,38,67,39,28,0.00,6.1,6.1,71,1.868421053,0,Pochettino,ENIC,FALSE,FALSE
ARS,2018,38,73,51,22,-91.37,9.01,-82.36,70,1.842105263,-49.60085714,Emery,Kroenke,FALSE,FALSE
MAN,2018,38,65,54,11,-94.28,34.83,-59.45,66,1.736842105,-54.28242424,Solsjkaer,Glazer,FALSE,FALSE
WOL,2018,38,47,46,1,-127.97,26.56,-101.41,57,1.5,-85.31333333,Santo,Fosun,FALSE,FALSE
EVE,2018,38,54,46,8,-113.77,32.66,-81.11,54,1.421052632,-80.06037037,Silva,Moshiri,FALSE,FALSE
LEI,2018,38,51,48,3,-130.64,109.21,-21.43,52,1.368421053,-95.46769231,Puel,King_Power,FALSE,FALSE
WHU,2018,38,52,55,-3,-107.05,16.95,-90.1,52,1.368421053,-78.22884615,Pellegrini,Sullivan,FALSE,FALSE
WAT,2018,38,52,59,-7,-34.31,59.1,24.79,50,1.315789474,-26.0756,Garcia,Pozzo,FALSE,FALSE
CRY,2018,38,51,53,-2,-13.51,0.399,-13.111,49,1.289473684,-10.47714286,Hodgson,Parish,FALSE,FALSE
NEW,2018,38,42,48,-6,-68.12,54.7,-13.42,45,1.184210526,-57.52355556,Benitez,Ashley,FALSE,FALSE
BOU,2018,38,56,70,-14,-101.57,23.03,-78.54,45,1.184210526,-85.77022222,Howe,Demin,FALSE,FALSE
BUR,2018,38,45,68,-23,-37.62,9.12,-28.5,40,1.052631579,-35.739,Dyche,Garlick,FALSE,FALSE
SOU,2018,38,45,65,-20,-70.97,27.13,-43.84,39,1.026315789,-69.15025641,Hasenhuttl,Jisheng,FALSE,FALSE
BHA,2018,38,35,60,-25,-100.73,15.28,-85.45,36,0.947368421,-106.3261111,Hughton,Bloom,FALSE,FALSE
CAR,2018,38,34,69,-35,-58.37,0,-58.37,34,0.894736842,-65.23705882,Warnock,Tan,FALSE,TRUE
FUL,2018,38,34,81,-47,-132.81,5.13,-127.68,26,0.684210526,-194.1069231,Jokanovic,Khan,FALSE,TRUE
HUD,2018,38,22,76,-54,-57.80,14.06,-43.74,16,0.421052632,-137.275,Wagner,Hoyle,FALSE,TRUE
MCI,2017,38,106,27,79,-361.95,104.14,-257.81,100,2.631578947,-137.541,Guardiola,City_Football,TRUE,FALSE
MAN,2017,38,68,28,40,-226.18,51.87,-174.31,81,2.131578947,-106.1091358,Mourinho,Glazer,FALSE,FALSE
TOT,2017,38,74,36,38,-138.51,118.33,-20.18,77,2.026315789,-68.35558442,Pochettino,ENIC,FALSE,FALSE
LIV,2017,38,84,38,46,-198.22,221.73,23.51,75,1.973684211,-100.4314667,Klopp,Fenway,FALSE,FALSE
CHE,2017,38,62,38,24,-296.97,228.68,-68.29,70,1.842105263,-161.2122857,Sarri,Abramovich,FALSE,FALSE
ARS,2017,38,74,51,23,-174.25,180.12,5.87,63,1.657894737,-105.1031746,Wenger,ITV_plc,FALSE,FALSE
BUR,2017,38,36,39,-3,-40.74,57,16.26,54,1.421052632,-28.66888889,Dyche,Garlick,FALSE,FALSE
EVE,2017,38,44,58,-14,-231.65,144.07,-87.58,49,1.289473684,-179.6469388,Allardyce,Moshiri,FALSE,FALSE
LEI,2017,38,56,60,-4,-99.98,54.61,-45.37,47,1.236842105,-80.83489362,Puel,King_Power,FALSE,FALSE
BOU,2017,38,45,61,-16,-39.10,0,-39.1,44,1.157894737,-33.76818182,Howe,Demin,FALSE,FALSE
CRY,2017,38,48,68,-20,-55.80,3.42,-52.38,44,1.157894737,-48.19090909,Hodgson,Parish,FALSE,FALSE
NEW,2017,38,39,47,-8,-50.50,22.25,-28.25,44,1.157894737,-43.61363636,Benitez,Ashley,FALSE,FALSE
WHU,2017,38,48,68,-20,-64.74,78.69,13.95,42,1.105263158,-58.57428571,Bilic,Sullivan,FALSE,FALSE
WAT,2017,38,44,64,-20,-81.40,21.36,-60.04,41,1.078947368,-75.44390244,Silva,Pozzo,FALSE,FALSE
BHA,2017,38,34,54,-20,-76.38,0,-76.38,40,1.052631579,-72.561,Hughton,Bloom,FALSE,FALSE
HUD,2017,38,28,58,-30,-64.70,6.67,-58.03,37,0.973684211,-66.44864865,Wagner,Hoyle,FALSE,FALSE
SOU,2017,38,37,56,-19,-69.83,112.12,42.29,36,0.947368421,-73.70944444,Pellegrino,Jisheng,FALSE,FALSE
STK,2017,38,35,68,-33,-65.78,40.06,-25.72,33,0.868421053,-75.74666667,Hughes,Coates,FALSE,TRUE
SWA,2017,38,28,56,-28,-83.66,92.45,8.79,33,0.868421053,-96.33575758,Carvalhal,Levien,FALSE,TRUE
WBA,2017,38,31,56,-25,-60.99,2.34,-58.65,31,0.815789474,-74.76193548,Pardew,Guochuan,FALSE,TRUE
CHE,2016,38,85,33,52,-151.39,123.58,-27.81,93,2.447368421,-61.85827957,Conte,Abramovich,TRUE,FALSE
TOT,2016,38,86,26,60,-95.19,59.62,-35.57,86,2.263157895,-42.06069767,Pochettino,ENIC,FALSE,FALSE
MCI,2016,38,80,39,41,-242.39,40.3,-202.09,78,2.052631579,-118.0874359,Guardiola,City_Football,FALSE,FALSE
LIV,2016,38,78,42,36,-91.09,97.33,6.24,76,2,-45.545,Klopp,Fenway,FALSE,FALSE
ARS,2016,38,77,44,33,-128.87,11.8,-117.07,75,1.973684211,-65.29413333,Wenger,ITV_plc,FALSE,FALSE
MAN,2016,38,54,29,25,-210.90,53.75,-157.15,69,1.815789474,-116.1478261,Mourinho,Glazer,FALSE,FALSE
EVE,2016,38,62,44,18,-97.93,69.31,-28.62,61,1.605263158,-61.00557377,Koeman,Woods,FALSE,FALSE
SOU,2016,38,41,48,-7,-78.55,96.96,18.41,46,1.210526316,-64.88913043,Puel,Jisheng,FALSE,FALSE
BOU,2016,38,55,67,-12,-46.39,29.06,-17.33,46,1.210526316,-38.32217391,Howe,Demin,FALSE,FALSE
WHU,2016,38,47,64,-17,-95.19,46.74,-48.45,45,1.184210526,-80.38266667,Bilic,Sullivan,FALSE,FALSE
WBA,2016,38,43,51,-8,-43.21,30.75,-12.46,45,1.184210526,-36.48844444,Pulis,Guochuan,FALSE,FALSE
LEI,2016,38,48,63,-15,-104.42,75.3,-29.12,44,1.157894737,-90.18090909,Ranieri,King_Power,FALSE,FALSE
STK,2016,38,41,56,-15,-44.20,4.33,-39.87,44,1.157894737,-38.17272727,Hughes,Coates,FALSE,FALSE
SWA,2016,38,50,63,-13,-66.23,56.2,-10.03,41,1.078947368,-61.38390244,Guidolin,Levien,FALSE,FALSE
CRY,2016,38,50,63,-13,-115.48,57.23,-58.25,41,1.078947368,-107.0302439,Allardyce,Parish,FALSE,FALSE
WAT,2016,38,40,68,-28,-79.74,66.23,-13.51,40,1.052631579,-75.753,Mazzarri,Pozzo,FALSE,FALSE
BUR,2016,38,39,55,-16,-51.98,1.37,-50.61,40,1.052631579,-49.381,Dyche,Garlick,FALSE,FALSE
HUL,2016,38,37,80,-43,-45.60,32.95,-12.65,34,0.894736842,-50.96470588,Phelan,Allam,FALSE,TRUE
MID,2016,38,27,53,-26,-54.66,15.39,-39.27,28,0.736842105,-74.18142857,Karanka,Gibson,FALSE,TRUE
SUN,2016,38,29,69,-40,-47.44,27.1,-20.34,24,0.631578947,-75.11333333,Moyes,Short,FALSE,TRUE
LEI,2015,38,68,36,32,-56.89,10.77,-46.12,81,2.131578947,-26.6891358,Ranieri,King_Power,TRUE,FALSE
ARS,2015,38,65,36,29,-30.21,2.85,-27.36,71,1.868421053,-16.16873239,Wenger,ITV_plc,FALSE,FALSE
TOT,2015,38,69,35,34,-80.94,99.84,18.9,70,1.842105263,-43.93885714,Pochettino,ENIC,FALSE,FALSE
MCI,2015,38,71,41,30,-237.46,76.88,-160.58,66,1.736842105,-136.7193939,Pellegrini,City_Football,FALSE,FALSE
MAN,2015,38,49,35,14,-177.84,116.36,-61.48,66,1.736842105,-102.3927273,Gaal,Glazer,FALSE,FALSE
SOU,2015,38,59,41,18,-68.51,60.08,-8.43,63,1.657894737,-41.32349206,Koeman,Jisheng,FALSE,FALSE
WHU,2015,38,65,51,14,-60.08,21.11,-38.97,62,1.631578947,-36.82322581,Bilic,Sullivan,FALSE,FALSE
LIV,2015,38,63,50,13,-144.21,103.23,-40.98,60,1.578947368,-91.333,Klopp,Fenway,FALSE,FALSE
STK,2015,38,41,55,-14,-61.16,26.45,-34.71,51,1.342105263,-45.57019608,Hughes,Coates,FALSE,FALSE
CHE,2015,38,59,53,6,-103.17,99.74,-3.43,50,1.315789474,-78.4092,Hiddink,Abramovich,FALSE,FALSE
SWA,2015,38,42,52,-10,-24.86,19.16,-5.7,47,1.236842105,-20.09957447,Curtis,Nurse,FALSE,FALSE
EVE,2015,38,59,55,4,-55.75,12.54,-43.21,47,1.236842105,-45.07446809,Martinez,Woods,FALSE,FALSE
WAT,2015,38,40,50,-10,-95.22,11.12,-84.1,45,1.184210526,-80.408,Flores,Pozzo,FALSE,FALSE
WBA,2015,38,34,48,-14,-48.91,14.73,-34.18,43,1.131578947,-43.2227907,Pulis,Peace,FALSE,FALSE
CRY,2015,38,39,51,-12,-32.83,6.16,-26.67,42,1.105263158,-29.70333333,Pardew,Parish,FALSE,FALSE
BOU,2015,38,45,67,-22,-62.83,0.741,-62.089,42,1.105263158,-56.84619048,Howe,Demin,FALSE,FALSE
SUN,2015,38,48,62,-14,-75.30,12.54,-62.76,39,1.026315789,-73.36923077,Allardyce,Short,FALSE,FALSE
NEW,2015,38,44,65,-21,-123.02,5.28,-117.74,37,0.973684211,-126.3448649,McClaren,Ashley,FALSE,TRUE
NOR,2015,38,39,67,-28,-54.21,24.5,-29.71,34,0.894736842,-60.58764706,Neil,Jones,FALSE,TRUE
AVL,2015,38,27,76,-49,-75.87,73.76,-2.11,17,0.447368421,-169.5917647,Garde,Lerner,FALSE,TRUE
CHE,2014,38,73,32,41,-156.98,165.08,8.1,87,2.289473684,-68.56597701,Mourinho,Abramovich,TRUE,FALSE
MCI,2014,38,83,38,45,-117.19,34.91,-82.28,79,2.078947368,-56.36987342,Pellegrini,City_Football,FALSE,FALSE
ARS,2014,38,71,36,35,-135.64,31.69,-103.95,75,1.973684211,-68.72426667,Wenger,ITV_plc,FALSE,FALSE
MAN,2014,38,62,37,25,-222.70,56.16,-166.54,70,1.842105263,-120.8942857,Gaal,Glazer,FALSE,FALSE
TOT,2014,38,58,53,5,-55.26,50.33,-4.93,64,1.684210526,-32.810625,Pochettino,ENIC,FALSE,FALSE
LIV,2014,38,52,48,4,-172.63,113.17,-59.46,62,1.631578947,-105.8054839,Rodgers,Fenway,FALSE,FALSE
SOU,2014,38,54,33,21,-109.44,141.17,31.73,60,1.578947368,-69.312,Koeman,Jisheng,FALSE,FALSE
SWA,2014,38,46,49,-3,-47.34,70.55,23.21,56,1.473684211,-32.12357143,Monk,Nurse,FALSE,FALSE
STK,2014,38,48,45,3,-2.05,4.33,2.28,54,1.421052632,-1.442592593,Hughes,Coates,FALSE,FALSE
CRY,2014,38,47,51,-4,-35.59,3.27,-32.32,48,1.263157895,-28.17541667,Warnock,Parish,FALSE,FALSE
EVE,2014,38,48,50,-2,-45.78,2.17,-43.61,47,1.236842105,-37.01361702,Martinez,Woods,FALSE,FALSE
WHU,2014,38,44,47,-3,-40.07,5.02,-35.05,47,1.236842105,-32.39702128,Allardyce,Sullivan,FALSE,FALSE
WBA,2014,38,38,51,-13,-28.37,2.62,-25.75,44,1.157894737,-24.50136364,Irvine,Peace,FALSE,FALSE
LEI,2014,38,46,55,-9,-26.06,0,-26.06,41,1.078947368,-24.15317073,Pearson,King_Power,FALSE,FALSE
NEW,2014,38,40,63,-23,-51.32,26.92,-24.4,39,1.026315789,-50.00410256,Pardew,Ashley,FALSE,FALSE
AVL,2014,38,31,57,-26,-15.33,1.5,-13.83,38,1,-15.33,Lambert,Lerner,FALSE,FALSE
SUN,2014,38,31,53,-22,-25.78,8.27,-17.51,38,1,-25.78,Poyet,Short,FALSE,FALSE
HUL,2014,38,33,51,-18,-54.97,21.32,-33.65,35,0.921052632,-59.68171429,Bruce,Allam,FALSE,TRUE
BUR,2014,38,28,53,-25,-14.39,0,-14.39,33,0.868421053,-16.57030303,Dyche,Garlick,FALSE,TRUE
QPR,2014,38,42,73,-31,-49.63,29.69,-19.94,30,0.789473684,-62.86466667,Redknapp,Fernandes,FALSE,TRUE
MCI,2013,38,102,37,65,-132.24,12.88,-119.36,86,2.263157895,-58.43162791,Pellegrini,City_Football,TRUE,FALSE
LIV,2013,38,101,50,51,-66.23,37.05,-29.18,84,2.210526316,-29.96119048,Rodgers,Fenway,FALSE,FALSE
CHE,2013,38,71,27,44,-148.60,88.27,-60.33,82,2.157894737,-68.86341463,Mourinho,Abramovich,FALSE,FALSE
ARS,2013,38,68,41,27,-56.15,13.85,-42.3,79,2.078947368,-27.00886076,Wenger,ITV_plc,FALSE,FALSE
EVE,2013,38,61,39,22,-36.25,52.55,16.3,72,1.894736842,-19.13194444,Martinez,Woods,FALSE,FALSE
TOT,2013,38,55,51,4,-138.94,154.38,15.44,69,1.815789474,-76.51768116,Sherwood,ENIC,FALSE,FALSE
MAN,2013,38,64,43,21,-87.93,2.05,-85.88,64,1.684210526,-52.2084375,Moyes,Glazer,FALSE,FALSE
SOU,2013,38,54,46,8,-45.14,4.79,-40.35,56,1.473684211,-30.63071429,Pochettino,Jisheng,FALSE,FALSE
STK,2013,38,45,52,-7,-7.98,0,-7.98,50,1.315789474,-6.0648,Hughes,Coates,FALSE,FALSE
NEW,2013,38,43,59,-16,-4.33,29.49,25.16,49,1.289473684,-3.357959184,Pardew,Ashley,FALSE,FALSE
CRY,2013,38,33,48,-15,-37.61,0,-37.61,45,1.184210526,-31.75955556,Pullis,Parish,FALSE,FALSE
SWA,2013,38,54,54,0,-30.34,0,-30.34,42,1.105263158,-27.45047619,Laudrup,Nurse,FALSE,FALSE
WHU,2013,38,40,51,-11,-27.36,0.604,-26.756,40,1.052631579,-25.992,Allardyce,Sullivan,FALSE,FALSE
SUN,2013,38,41,60,-19,-38.66,25.51,-13.15,38,1,-38.66,Poyet,Short,FALSE,FALSE
AVL,2013,38,39,61,-22,-22.62,9.23,-13.39,38,1,-22.62,Lambert,Lerner,FALSE,FALSE
HUL,2013,38,38,53,-15,-35.45,1,-34.45,37,0.973684211,-36.40810811,Bruce,Allam,FALSE,FALSE
WBA,2013,38,43,59,-16,-17.90,13,-4.9,36,0.947368421,-18.89444444,Mel,Peace,FALSE,FALSE
NOR,2013,38,28,62,-34,-34.26,5.51,-28.75,33,0.868421053,-39.45090909,Hughton,Jones,FALSE,TRUE
FUL,2013,38,40,85,-45,-33.63,4.73,-28.9,32,0.842105263,-39.935625,Meulensteen,Al-Fayed,FALSE,TRUE
CAR,2013,38,32,74,-42,-52.23,4.26,-47.97,30,0.789473684,-66.158,MacKay,Tan,FALSE,TRUE
MAN,2012,38,86,43,43,-87.15,11,-76.15,89,2.342105263,-37.21011236,Ferguson,Glazer,TRUE,FALSE
MCI,2012,38,66,34,32,-70.62,50.5,-20.12,78,2.052631579,-34.40461538,Mancini,City_Football,FALSE,FALSE
CHE,2012,38,75,39,36,-125.06,29.01,-96.05,75,1.973684211,-63.36373333,Benitez,Abramovich,FALSE,FALSE
ARS,2012,38,72,37,35,-63.84,75.07,11.23,73,1.921052632,-33.23178082,Wenger,ITV_plc,FALSE,FALSE
TOT,2012,38,66,46,20,-83.51,82.97,-0.54,72,1.894736842,-44.07472222,Villas_Boas,ENIC,FALSE,FALSE
EVE,2012,38,55,40,15,-24.68,21.38,-3.3,63,1.657894737,-14.88634921,Moyes,Woods,FALSE,FALSE
LIV,2012,38,71,43,28,-80.48,11.91,-68.57,61,1.605263158,-50.13508197,Rodgers,Fenway,FALSE,FALSE
WBA,2012,38,53,57,-4,-5.70,4.25,-1.45,49,1.289473684,-4.420408163,Clarke,Peace,FALSE,FALSE
SWA,2012,38,47,51,-4,-23.34,37.16,13.82,46,1.210526316,-19.28086957,Laudrup,Nurse,FALSE,FALSE
WHU,2012,38,45,53,-8,-27.24,5.76,-21.48,46,1.210526316,-22.5026087,Allardyce,Sullivan,FALSE,FALSE
NOR,2012,38,41,58,-17,-12.63,0.433,-12.197,44,1.157894737,-10.90772727,Hughton,Jones,FALSE,FALSE
FUL,2012,38,50,60,-10,-11.40,35.82,24.42,43,1.131578947,-10.0744186,Jol,Al-Fayed,FALSE,FALSE
STK,2012,38,34,45,-11,-27.00,0.73,-26.27,42,1.105263158,-24.42857143,Pulis,Coates,FALSE,FALSE
SOU,2012,38,49,60,-11,-47.31,0,-47.31,41,1.078947368,-43.84829268,Adkins,Jisheng,FALSE,FALSE
AVL,2012,38,47,69,-22,-31.73,3.65,-28.08,41,1.078947368,-29.40829268,Lambert,Lerner,FALSE,FALSE
NEW,2012,38,45,68,-23,-36.44,16.87,-19.57,41,1.078947368,-33.77365854,Pardew,Ashley,FALSE,FALSE
SUN,2012,38,41,54,-13,-43.66,16.9,-26.76,39,1.026315789,-42.54051282,O_Neil,Short,FALSE,FALSE
WIG,2012,38,47,73,-26,-12.01,15.11,3.1,36,0.947368421,-12.67722222,Martinez,Sharpe,FALSE,TRUE
REA,2012,38,43,73,-30,-12.33,1.03,-11.3,28,0.736842105,-16.73357143,McDermott,Yongge,FALSE,TRUE
QPR,2012,38,30,60,-30,-57.40,5.15,-52.25,25,0.657894737,-87.248,Redknapp,Fernandes,FALSE,TRUE
MCI,2011,38,93,29,64,-103.80,35.57,-68.23,89,2.342105263,-44.31910112,Mancini,City_Football,TRUE,FALSE
MAN,2011,38,89,33,56,-71.02,15.73,-55.29,89,2.342105263,-30.32314607,Ferguson,Glazer,FALSE,FALSE
ARS,2011,38,74,49,25,-74.64,89.25,14.61,70,1.842105263,-40.51885714,Wenger,ITV_plc,FALSE,FALSE
TOT,2011,38,66,41,25,-10.77,49.31,38.54,69,1.815789474,-5.931304348,Redknapp,ENIC,FALSE,FALSE
NEW,2011,38,56,51,5,-29.70,18.29,-11.41,65,1.710526316,-17.36307692,Pardew,Ashley,FALSE,FALSE
CHE,2011,38,65,46,19,-109.95,36.94,-73.01,64,1.684210526,-65.2828125,Villas_Boas,Abramovich,FALSE,FALSE
EVE,2011,38,50,40,10,-8.21,30.55,22.34,56,1.473684211,-5.571071429,Moyes,Woods,FALSE,FALSE
LIV,2011,38,47,40,7,-75.84,26.11,-49.73,52,1.368421053,-55.42153846,Dalglish,Fenway,FALSE,FALSE
FUL,2011,38,48,51,-3,-20.63,8.74,-11.89,52,1.368421053,-15.07576923,Jol,Al-Fayed,FALSE,FALSE
WBA,2011,38,45,52,-7,-10.42,12.68,2.26,47,1.236842105,-8.424680851,Hodgson,Peace,FALSE,FALSE
SWA,2011,38,44,51,-7,-14.65,0.519,-14.131,47,1.236842105,-11.84468085,Rodgers,Nurse,FALSE,FALSE
NOR,2011,38,52,66,-14,-17.39,0.57,-16.82,47,1.236842105,-14.06,Lambert,Jones,FALSE,FALSE
SUN,2011,38,45,46,-1,-32.21,30.01,-2.2,45,1.184210526,-27.19955556,O_Neil,Short,FALSE,FALSE
STK,2011,38,36,53,-17,-28.27,2.26,-26.01,45,1.184210526,-23.87244444,Pulis,Coates,FALSE,FALSE
WIG,2011,38,42,62,-20,-14.11,12.86,-1.25,43,1.131578947,-12.46930233,Martinez,Sharpe,FALSE,FALSE
AVL,2011,38,37,53,-16,-23.18,49.87,26.69,38,1,-23.18,McLeish,Lerner,FALSE,FALSE
QPR,2011,38,43,66,-23,-29.90,3.19,-26.71,37,0.973684211,-30.70810811,Warnock,Fernandes,FALSE,FALSE
BOL,2011,38,46,77,-31,-17.78,18.62,0.84,36,0.947368421,-18.76777778,Coyle,Burnden_Leisure,FALSE,TRUE
BRO,2011,38,48,78,-30,-23.43,45.95,22.52,31,0.815789474,-28.72064516,Kean,Venky,FALSE,TRUE
WOL,2011,38,40,82,-42,-13.74,2.96,-10.78,25,0.657894737,-20.8848,McCarthy,Morgan,FALSE,TRUE
MAN,2010,38,78,37,41,-33.4,19.74,-13.66,80,2.105263158,-15.865,Ferguson,Glazer,TRUE,FALSE
CHE,2010,38,69,33,36,-138.51,18.81,-119.7,71,1.868421053,-74.13211268,Ancelotti,Abramovich,FALSE,FALSE
MCI,2010,38,60,33,27,-209.31,42.35,-166.96,71,1.868421053,-112.0250704,Mancini,City_Football,FALSE,FALSE
ARS,2010,38,72,43,29,-26.22,9.23,-16.99,68,1.789473684,-14.65235294,Wenger,ITV_plc,FALSE,FALSE
TOT,2010,38,55,46,9,-30.32,3.35,-26.97,62,1.631578947,-18.58322581,Redknapp,ENIC,FALSE,FALSE
LIV,2010,38,59,44,15,-111.18,115.71,4.53,58,1.526315789,-72.84206897,Hodgson,Fenway,FALSE,FALSE
EVE,2010,38,51,45,6,-1.94,7.52,5.58,54,1.421052632,-1.365185185,Moyes,Woods,FALSE,FALSE
FUL,2010,38,49,43,6,-12.6,14.38,1.78,49,1.289473684,-9.771428571,Hughes,Al-Fayed,FALSE,FALSE
AVL,2010,38,48,59,-11,-42.64,32.38,-10.26,48,1.263157895,-33.75666667,Houllier,Lerner,FALSE,FALSE
SUN,2010,38,45,56,-11,-33.17,47.62,14.45,47,1.236842105,-26.81829787,Bruce,Short,FALSE,FALSE
WBA,2010,38,56,71,-15,-15.77,0.969,-14.801,47,1.236842105,-12.75021277,Matteo,Peace,FALSE,FALSE
NEW,2010,38,56,57,-1,-15.94,47.6,31.66,46,1.210526316,-13.16782609,Pardew,Ashley,FALSE,FALSE
STK,2010,38,46,48,-2,-24.05,7.72,-16.33,46,1.210526316,-19.8673913,Pulis,Coates,FALSE,FALSE
BOL,2010,38,52,56,-4,-6.15,1.6,-4.55,46,1.210526316,-5.080434783,Coyle,Burnden_Leisure,FALSE,FALSE
BRO,2010,38,46,59,-13,-5.76,0.314,-5.446,43,1.131578947,-5.090232558,Kean,Venky,FALSE,FALSE
WIG,2010,38,40,61,-21,-13,3.88,-9.12,42,1.105263158,-11.76190476,Martinez,Sharpe,FALSE,FALSE
WOL,2010,38,46,66,-20,-23.05,7.34,-15.71,40,1.052631579,-21.8975,McCarthy,Morgan,FALSE,FALSE
BIR,2010,38,37,58,-21,-29.18,0.2,-28.98,39,1.026315789,-28.43179487,McLeish,Yeung,FALSE,TRUE
BPO,2010,38,55,78,-23,-6.53,0.798,-5.732,39,1.026315789,-6.362564103,Holloway,Oyston,FALSE,TRUE
WHU,2010,38,43,70,-27,-18.04,5.64,-12.4,33,0.868421053,-20.77333333,Grant,Sullivan,FALSE,TRUE
CHE,2009,38,103,32,71,-34.2,4.33,-29.87,86,2.263157895,-15.11162791,Ancelotti,Abramovich,TRUE,FALSE
MAN,2009,38,86,28,58,-31.12,119.09,87.97,85,2.236842105,-13.91247059,Ferguson,Glazer,FALSE,FALSE
ARS,2009,38,83,41,42,-13.68,54.38,40.7,75,1.973684211,-6.9312,Wenger,ITV_plc,FALSE,FALSE
TOT,2009,38,67,41,26,-45.94,36.14,-9.8,70,1.842105263,-24.93885714,Redknapp,ENIC,FALSE,FALSE
MCI,2009,38,73,45,28,-167.92,35.28,-132.64,67,1.763157895,-95.23820896,Mancini,City_Football,FALSE,FALSE
AVL,2009,38,52,39,13,-53.47,25.19,-28.28,64,1.684210526,-31.7478125,O_Neil,Lerner,FALSE,FALSE
LIV,2009,38,61,35,26,-49.59,55.35,5.76,63,1.657894737,-29.91142857,Benitez,Gillet,FALSE,FALSE
EVE,2009,38,60,49,11,-26.56,32.31,5.75,61,1.605263158,-16.54557377,Moyes,Woods,FALSE,FALSE
BIR,2009,38,38,47,-9,-22.86,0.456,-22.404,50,1.315789474,-17.3736,McLeish,Yeung,FALSE,FALSE
BRO,2009,38,41,55,-14,-15.14,41.78,26.64,50,1.315789474,-11.5064,Allardyce,Walter,FALSE,FALSE
STK,2009,38,34,48,-14,-29.7,7.41,-22.29,47,1.236842105,-24.01276596,Pulis,Coates,FALSE,FALSE
FUL,2009,38,39,46,-7,-8.1,0,-8.1,46,1.210526316,-6.691304348,Hodgson,Al-Fayed,FALSE,FALSE
SUN,2009,38,48,56,-8,-52.55,24.25,-28.3,44,1.157894737,-45.38409091,Bruce,Short,FALSE,FALSE
BOL,2009,38,42,67,-25,-13.68,2.28,-11.4,39,1.026315789,-13.32923077,Coyle,Burnden_Leisure,FALSE,FALSE
WOL,2009,38,32,56,-24,-22.18,0.992,-21.188,38,1,-22.18,McCarthy,Morgan,FALSE,FALSE
WIG,2009,38,37,79,-42,-21.02,39.62,18.6,36,0.947368421,-22.18777778,Martinez,Sharpe,FALSE,FALSE
WHU,2009,38,47,66,-19,-24.68,47.08,22.4,35,0.921052632,-26.79542857,Zola,Icelandic,FALSE,FALSE
HUL,2009,38,34,75,-41,-16.93,18.47,1.54,30,0.789473684,-21.44466667,Brown,Bartlet,FALSE,TRUE
BUR,2009,38,42,82,-40,-15.44,0.103,-15.337,30,0.789473684,-19.55733333,Coyle,Garlick,FALSE,TRUE
POR,2009,38,34,66,-32,-12.04,59.34,47.3,19,0.5,-24.08,Grant,PST,FALSE,TRUE
MAN,2008,38,68,24,44,-51.59,8.49,-43.1,90,2.368421053,-21.78244444,Ferguson,Glazer,TRUE,FALSE
LIV,2008,38,77,27,50,-81.45,52.38,-29.07,86,2.263157895,-35.98953488,Benitez,Gillet,FALSE,FALSE
CHE,2008,38,68,24,44,-34.77,50.79,16.02,83,2.184210526,-15.91879518,Scolari,Abramovich,FALSE,FALSE
ARS,2008,38,68,37,31,-45.77,29.41,-16.36,72,1.894736842,-24.15638889,Wenger,ITV_plc,FALSE,FALSE
EVE,2008,38,55,37,18,-28.59,15.16,-13.43,63,1.657894737,-17.2447619,Moyes,Woods,FALSE,FALSE
AVL,2008,38,54,48,6,-63.73,8.57,-55.16,62,1.631578947,-39.06032258,O_Neil,Lerner,FALSE,FALSE
FUL,2008,38,39,34,5,-30.61,18.61,-12,53,1.394736842,-21.94679245,Hodgson,Al-Fayed,FALSE,FALSE
TOT,2008,38,42,45,-3,-162.39,100.38,-62.01,51,1.342105263,-120.9964706,Redknapp,ENIC,FALSE,FALSE
WHU,2008,38,42,45,-3,-18.24,78.47,60.23,51,1.342105263,-13.59058824,Zola,Icelandic,FALSE,FALSE
MCI,2008,38,58,50,8,-179.38,30.21,-149.17,50,1.315789474,-136.3288,Hughes,City_Football,FALSE,FALSE
STK,2008,38,38,55,-17,-38.7,0.872,-37.828,45,1.184210526,-32.68,Pulis,Coates,FALSE,FALSE
WIG,2008,38,34,45,-11,-27.47,27.59,0.12,45,1.184210526,-23.19688889,Bruce,Sharpe,FALSE,FALSE
POR,2008,38,38,57,-19,-32.15,61.73,29.58,41,1.078947368,-29.79756098,Adams,PST,FALSE,FALSE
BOL,2008,38,41,53,-12,-27.02,12.4,-14.62,41,1.078947368,-25.04292683,Megson,Burnden_Leisure,FALSE,FALSE
BRO,2008,38,40,60,-20,-13.32,30.21,16.89,41,1.078947368,-12.34536585,Allardyce,Walter,FALSE,FALSE
SUN,2008,38,34,54,-20,-37.75,12.71,-25.04,36,0.947368421,-39.84722222,Sbragia,Short,FALSE,FALSE
HUL,2008,38,39,64,-25,-20.46,0,-20.46,35,0.921052632,-22.21371429,Brown,Bartlet,FALSE,FALSE
NEW,2008,38,40,59,-19,-40.1,47.2,7.1,34,0.894736842,-44.81764706,Kinnear,Ashley,FALSE,TRUE
WBA,2008,38,36,67,-31,-27.72,11.69,-16.03,32,0.842105263,-32.9175,Mowbray,Peace,FALSE,TRUE
MID,2008,38,28,57,-29,-14.59,9.94,-4.65,32,0.842105263,-17.325625,Southgate,Gibson,FALSE,TRUE
MAN,2007,38,80,22,58,-117.99,53.12,-64.87,87,2.289473684,-51.53586207,Ferguson,Glazer,TRUE,FALSE
CHE,2007,38,65,26,39,-67.26,49.76,-17.5,85,2.236842105,-30.06917647,Grant,Abramovich,FALSE,FALSE
ARS,2007,38,74,61,13,-35.28,64.67,29.39,83,2.184210526,-16.15228916,Wenger,ITV_plc,FALSE,FALSE
LIV,2007,38,67,28,39,-103.4,51.59,-51.81,76,2,-51.7,Benitez,Moores,FALSE,FALSE
EVE,2007,38,55,33,22,-42.81,16.87,-25.94,65,1.710526316,-25.02738462,Moyes,Woods,FALSE,FALSE
AVL,2007,38,71,51,20,-28.39,20.41,-7.98,60,1.578947368,-17.98033333,O_Neil,Lerner,FALSE,FALSE
BRO,2007,38,50,48,2,-7.07,4.53,-2.54,58,1.526315789,-4.632068966,Hughes,Walter,FALSE,FALSE
POR,2007,38,48,40,8,-66.85,26.65,-40.2,57,1.5,-44.56666667,Redknapp,PST,FALSE,FALSE
MCI,2007,38,45,53,-8,-88.86,12.04,-76.82,55,1.447368421,-61.39418182,Eriksson,UKSIL,FALSE,FALSE
WHU,2007,38,42,50,-8,-53.12,47.88,-5.24,49,1.289473684,-41.19510204,Curbishley,Icelandic,FALSE,FALSE
TOT,2007,38,66,61,5,-107.33,25.71,-81.62,46,1.210526316,-88.66391304,Ramos,ENIC,FALSE,FALSE
NEW,2007,38,45,65,-20,-43.15,35.51,-7.64,43,1.131578947,-38.13255814,Allardyce,Ashley,FALSE,FALSE
MID,2007,38,43,53,-10,-57.68,34.46,-23.22,42,1.105263158,-52.18666667,Southgate,Gibson,FALSE,FALSE
WIG,2007,38,34,51,-17,-20.41,20.32,-0.09,40,1.052631579,-19.3895,Bruce,Sharpe,FALSE,FALSE
SUN,2007,38,36,59,-23,-73.32,3.65,-69.67,39,1.026315789,-71.44,Keane,Drumaville,FALSE,FALSE
BOL,2007,38,36,54,-18,-25.48,25.04,-0.44,37,0.973684211,-26.16864865,Megson,Burnden_Leisure,FALSE,FALSE
FUL,2007,38,38,60,-22,-57.49,22.23,-35.26,36,0.947368421,-60.68388889,Hodgson,Al-Fayed,FALSE,FALSE
REA,2007,38,41,66,-25,-13.79,6.5,-7.29,36,0.947368421,-14.55611111,Coppell,Yongge,FALSE,TRUE
BIR,2007,38,46,62,-16,-33.4,9.66,-23.74,35,0.921052632,-36.26285714,Bruce,Yeung,FALSE,TRUE
DER,2007,38,20,89,-69,-25.85,5.97,-19.88,11,0.289473684,-89.3,Davies,American_Partners,FALSE,TRUE
MAN,2006,38,83,27,56,-31.01,20.52,-10.49,89,2.342105263,-13.24022472,Ferguson,Glazer,TRUE,FALSE
CHE,2006,38,64,24,40,-101.43,59.96,-41.47,83,2.184210526,-46.43783133,Mourinho,Abramovich,FALSE,FALSE
LIV,2006,38,57,27,30,-52.44,29.94,-22.5,68,1.789473684,-29.30470588,Benitez,Moores,FALSE,FALSE
ARS,2006,38,63,35,28,-17.1,4.85,-12.25,68,1.789473684,-9.555882353,Wenger,ITV_plc,FALSE,FALSE
TOT,2006,38,57,54,3,-69.54,44.06,-25.48,60,1.578947368,-44.042,Jol,ENIC,FALSE,FALSE
EVE,2006,38,52,36,16,-20.41,2.85,-17.56,58,1.526315789,-13.37206897,Moyes,Woods,FALSE,FALSE
BOL,2006,38,47,52,-5,-19.38,4.39,-14.99,56,1.473684211,-13.15071429,Allardyce,Burnden_Leisure,FALSE,FALSE
REA,2006,38,52,47,5,-10.52,0,-10.52,55,1.447368421,-7.268363636,Coppell,Yongge,FALSE,FALSE
POR,2006,38,45,42,3,-10.37,1.43,-8.94,54,1.421052632,-7.297407407,Redknapp,PST,FALSE,FALSE
BRO,2006,38,52,54,-2,-18.84,19.28,0.44,52,1.368421053,-13.76769231,Hughes,Walter,FALSE,FALSE
AVL,2006,38,43,41,2,-28.16,2.08,-26.08,50,1.315789474,-21.4016,O_Neil,Lerner,FALSE,FALSE
MID,2006,38,44,49,-5,-12.88,5.33,-7.55,46,1.210526316,-10.64,Southgate,Gibson,FALSE,FALSE
NEW,2006,38,38,47,-9,-36.34,12.74,-23.6,43,1.131578947,-32.1144186,Roeder,Hall,FALSE,FALSE
MCI,2006,38,29,44,-15,-7.41,4.79,-2.62,42,1.105263158,-6.704285714,Pearce,UKSIL,FALSE,FALSE
WHU,2006,38,35,59,-24,-79.63,7.7,-71.93,41,1.078947368,-73.80341463,Curbishley,Icelandic,FALSE,FALSE
FUL,2006,38,38,60,-22,-15.73,11.99,-3.74,39,1.026315789,-15.32666667,Coleman,Al-Fayed,FALSE,FALSE
WIG,2006,38,37,59,-22,-29.24,27.73,-1.51,38,1,-29.24,Jewell,Sharpe,FALSE,FALSE
SHU,2006,38,32,55,-23,-20.55,3.79,-16.76,38,1,-20.55,Warnock,Blades_Leisure,FALSE,TRUE
CHA,2006,38,34,60,-26,-24.68,2.59,-22.09,34,0.894736842,-27.58352941,Pardew,Richard_Murray,FALSE,TRUE
WAT,2006,38,29,59,-30,-11.97,15.39,3.42,28,0.736842105,-16.245,Boothroyd,Bassini,FALSE,TRUE
CHE,2005,38,72,22,50,-104.31,38.87,-65.44,91,2.394736842,-43.55802198,Mourinho,Abramovich,TRUE,FALSE
MAN,2005,38,72,34,38,-36.25,9.01,-27.24,83,2.184210526,-16.59638554,Ferguson,Glazer,FALSE,FALSE
LIV,2005,38,57,25,32,-50.23,21.71,-28.52,82,2.157894737,-23.27731707,Benitez,Moores,FALSE,FALSE
ARS,2005,38,68,31,37,-52.44,28.5,-23.94,67,1.763157895,-29.74208955,Wenger,ITV_plc,FALSE,FALSE
TOT,2005,38,53,38,15,-41.62,25.82,-15.8,65,1.710526316,-24.33169231,Jol,ENIC,FALSE,FALSE
BRO,2005,38,51,42,9,-10.72,3.08,-7.64,63,1.657894737,-6.466031746,Hughes,Walter,FALSE,FALSE
NEW,2005,38,47,42,5,-69.83,35.23,-34.6,58,1.526315789,-45.75068966,Souness,Hall,FALSE,FALSE
BOL,2005,38,49,41,8,-10.37,0,-10.37,56,1.473684211,-7.036785714,Allardyce,Burnden_Leisure,FALSE,FALSE
WHU,2005,38,52,55,-3,-24.61,0.627,-23.983,55,1.447368421,-17.00327273,Pardew,Icelandic,FALSE,FALSE
WIG,2005,38,45,52,-7,-17.98,6.41,-11.57,51,1.342105263,-13.39686275,Jewell,Sharpe,FALSE,FALSE
EVE,2005,38,34,49,-15,-37.08,7.98,-29.1,50,1.315789474,-28.1808,Moyes,Woods,FALSE,FALSE
FUL,2005,38,48,58,-10,-10.37,5.27,-5.1,48,1.263157895,-8.209583333,Coleman,Al-Fayed,FALSE,FALSE
CHA,2005,38,41,55,-14,-10.37,6.51,-3.86,47,1.236842105,-8.384255319,Curbishley,Richard_Murray,FALSE,FALSE
MID,2005,38,48,58,-10,-15.91,0,-15.91,45,1.184210526,-13.43511111,Southgate,Gibson,FALSE,FALSE
MCI,2005,38,43,48,-5,-14.2,37.05,22.85,43,1.131578947,-12.54883721,Pearce,UKSIL,FALSE,FALSE
AVL,2005,38,42,55,-13,-18.86,7.3,-11.56,42,1.105263158,-17.06380952,O_Leary,Lerner,FALSE,FALSE
POR,2005,38,37,62,-25,-18.78,11.29,-7.49,38,1,-18.78,Redknapp,PST,FALSE,FALSE
BIR,2005,38,28,50,-22,-10.37,9.06,-1.31,34,0.894736842,-11.59,Bruce,Sullivan,FALSE,TRUE
WBA,2005,38,31,58,-27,-17.44,10.35,-7.09,30,0.789473684,-22.09066667,Robson,Peace,FALSE,TRUE
SUN,2005,38,26,68,-42,-10.37,1.62,-8.75,15,0.394736842,-26.27066667,McCarthy,Drumaville,FALSE,TRUE
CHE,2004,38,72,15,57,-189.7,3.76,-185.94,95,2.5,-75.88,Mourinho,Abramovich,TRUE,FALSE
ARS,2004,38,87,36,51,-14.23,4.45,-9.78,83,2.184210526,-6.514939759,Wenger,ITV_plc,FALSE,FALSE
MAN,2004,38,58,26,32,-69.83,10.9,-58.93,77,2.026315789,-34.46155844,Ferguson,McManus,FALSE,FALSE
EVE,2004,38,45,46,-1,-13.54,51.76,38.22,61,1.605263158,-8.434754098,Moyes,Woods,FALSE,FALSE
LIV,2004,38,52,41,11,-66.58,28.01,-38.57,58,1.526315789,-43.62137931,Benitez,Moores,FALSE,FALSE
BOL,2004,38,49,44,5,-1.57,0.428,-1.142,58,1.526315789,-1.02862069,Allardyce,Burnden_Leisure,FALSE,FALSE
MID,2004,38,53,46,7,-7.7,3.93,-3.77,55,1.447368421,-5.32,Southgate,Gibson,FALSE,FALSE
TOT,2004,38,47,41,6,-53.72,11.97,-41.75,52,1.368421053,-39.25692308,Jol,ENIC,FALSE,FALSE
MCI,2004,38,47,39,8,-1.71,13.05,11.34,52,1.368421053,-1.249615385,Keegan,UKSIL,FALSE,FALSE
AVL,2004,38,45,52,-7,-10.08,3.9,-6.18,47,1.236842105,-8.149787234,O_Leary,Lerner,FALSE,FALSE
CHA,2004,38,42,58,-16,-15.11,2.22,-12.89,46,1.210526316,-12.48217391,Curbishley,Richard_Murray,FALSE,FALSE
BIR,2004,38,40,46,-6,-17.98,9.29,-8.69,45,1.184210526,-15.18311111,Bruce,Sullivan,FALSE,FALSE
NEW,2004,38,47,57,-10,-33.57,25.39,-8.18,44,1.157894737,-28.99227273,Souness,Hall,FALSE,FALSE
FUL,2004,38,52,60,-8,-15.9,5.93,-9.97,44,1.157894737,-13.73181818,Coleman,Al-Fayed,FALSE,FALSE
BRO,2004,38,32,43,-11,-8.98,8.78,-0.2,42,1.105263158,-8.124761905,Hughes,Walter,FALSE,FALSE
POR,2004,38,43,59,-16,-8.38,7.52,-0.86,39,1.026315789,-8.165128205,Zajec,PST,FALSE,FALSE
WBA,2004,38,36,61,-25,-18.07,2.22,-15.85,34,0.894736842,-20.19588235,Robson,Peace,FALSE,FALSE
NOR,2004,38,42,77,-35,-9.72,0.513,-9.207,33,0.868421053,-11.19272727,Worthington,Jones,FALSE,TRUE
CRY,2004,38,41,62,-21,-5.87,0.114,-5.756,33,0.868421053,-6.759393939,Dowie,CPFC,FALSE,TRUE
SOU,2004,38,45,66,-21,-14.45,13.11,-1.34,32,0.842105263,-17.159375,Redknapp,Lowe,FALSE,TRUE
ARS,2003,38,73,26,47,-34.91,1.2,-33.71,90,2.368421053,-14.73977778,Wenger,ITV_plc,TRUE,FALSE
CHE,2003,38,67,30,37,-192.89,1.08,-191.81,79,2.078947368,-92.78253165,Ranieri,Abramovich,FALSE,FALSE
MAN,2003,38,64,35,29,-64.44,67.26,2.82,75,1.973684211,-32.6496,Ferguson,McManus,FALSE,FALSE
LIV,2003,38,55,37,18,-17.84,0,-17.84,60,1.578947368,-11.29866667,Houllier,Moores,FALSE,FALSE
AVL,2003,38,48,44,4,-9.55,0.331,-9.219,56,1.473684211,-6.480357143,Ellis,Lerner,FALSE,FALSE
NEW,2003,38,52,40,12,0,5.7,5.7,56,1.473684211,0,Robson,Hall,FALSE,FALSE
CHA,2003,38,51,51,0,-1.71,16.53,14.82,53,1.394736842,-1.226037736,Curbishley,Richard_Murray,FALSE,FALSE
BOL,2003,38,48,56,-8,0.86,0.086,0.941,53,1.394736842,0.616603774,Allardyce,Burnden_Leisure,FALSE,FALSE
FUL,2003,38,52,46,6,-9.67,28.55,18.88,52,1.368421053,-7.066538462,Coleman,Al-Fayed,FALSE,FALSE
BIR,2003,38,43,48,-5,-18.92,2.22,-16.7,50,1.315789474,-14.3792,Bruce,Sullivan,FALSE,FALSE
MID,2003,38,44,52,-8,-11.63,1.28,-10.35,48,1.263157895,-9.207083333,Southgate,Gibson,FALSE,FALSE
SOU,2003,38,44,45,-1,-10.23,12.4,2.17,47,1.236842105,-8.27106383,Strachan,Lowe,FALSE,FALSE
TOT,2003,38,47,57,-10,-33.92,2,-31.92,45,1.184210526,-28.64355556,Pleat,ENIC,FALSE,FALSE
POR,2003,38,47,54,-7,-13.42,0.228,-13.192,45,1.184210526,-11.33244444,Redknapp,PST,FALSE,FALSE
BRO,2003,38,51,59,-8,-25.47,39.16,13.69,44,1.157894737,-21.99681818,Souness,Walter,FALSE,FALSE
MCI,2003,38,55,54,1,-18.88,7.55,-11.33,41,1.078947368,-17.49853659,Keegan,UKSIL,FALSE,FALSE
EVE,2003,38,45,57,-12,-11.47,1.11,-10.36,39,1.026315789,-11.17589744,Moyes,Woods,FALSE,FALSE
WOL,2003,38,38,77,-39,-11.26,1.31,-9.95,33,0.868421053,-12.96606061,D_Jones,Morgan,FALSE,TRUE
LEI,2003,38,48,65,-17,-1.3,0,-1.3,33,0.868421053,-1.496969697,Adams,Mandaric,FALSE,TRUE
LEE,2003,38,40,79,-39,-0.11,18.33,18.216,33,0.868421053,-0.126666667,Reid,Ridsdale,FALSE,TRUE
MAN,2002,38,74,34,40,-55.32,3.99,-51.33,83,2.184210526,-25.32722892,Ferguson,McManus,TRUE,FALSE
ARS,2002,38,85,42,43,-12.23,9.37,-2.86,78,2.052631579,-5.958205128,Wenger,ITV_plc,FALSE,FALSE
NEW,2002,38,63,48,15,-39.39,0.257,-39.133,69,1.815789474,-21.69304348,Robson,Hall,FALSE,FALSE
CHE,2002,38,68,38,30,0,2.39,2.39,67,1.763157895,0,Ranieri,Harding,FALSE,FALSE
LIV,2002,38,61,41,20,-35.91,13.11,-22.8,64,1.684210526,-21.3215625,Houllier,Moores,FALSE,FALSE
BRO,2002,38,52,43,9,-8.27,2.05,-6.22,60,1.578947368,-5.237666667,Souness,Walter,FALSE,FALSE
EVE,2002,38,48,49,-1,-15.65,0.428,-15.222,59,1.552631579,-10.07966102,Moyes,Woods,FALSE,FALSE
SOU,2002,38,43,46,-3,-13.68,0,-13.68,52,1.368421053,-9.996923077,Strachan,Lowe,FALSE,FALSE
MCI,2002,38,47,54,-7,-50.67,0.855,-49.815,51,1.342105263,-37.75411765,Keegan,UKSIL,FALSE,FALSE
TOT,2002,38,51,62,-11,-11.97,1.54,-10.43,50,1.315789474,-9.0972,Hoddle,ENIC,FALSE,FALSE
MID,2002,38,48,44,4,-42.64,0,-42.64,49,1.289473684,-33.0677551,Southgate,Gibson,FALSE,FALSE
CHA,2002,38,45,56,-11,-7.7,3.02,-4.68,49,1.289473684,-5.971428571,Curbishley,Richard_Murray,FALSE,FALSE
BIR,2002,38,41,49,-8,-17.87,1.31,-16.56,48,1.263157895,-14.14708333,Bruce,Yeung,FALSE,FALSE
FUL,2002,38,41,50,-9,-3.42,0.941,-2.479,48,1.263157895,-2.7075,Tigana,Al-Fayed,FALSE,FALSE
LEE,2002,38,58,57,1,-5.13,91.33,86.2,47,1.236842105,-4.147659574,Venables,Ridsdale,FALSE,FALSE
AVL,2002,38,42,47,-5,-10.35,7.87,-2.48,45,1.184210526,-8.74,Taylor,Lerner,FALSE,FALSE
BOL,2002,38,41,51,-10,0,6.03,6.03,44,1.157894737,0,Allardyce,Burnden_Leisure,FALSE,FALSE
WHU,2002,38,42,59,-17,-0.46,0.086,-0.37,42,1.105263158,-0.416190476,Roeder,Brown,FALSE,TRUE
WBA,2002,38,29,65,-36,-19.32,0,-19.32,26,0.684210526,-28.23692308,Megson,Peace,FALSE,TRUE
SUN,2002,38,21,65,-44,-33.48,0,-33.48,19,0.5,-66.96,Wilkinson,Drumaville,FALSE,TRUE
ARS,2001,38,79,26,53,-37.26,13.68,-23.58,87,2.289473684,-16.27448276,Wenger,ITV_plc,TRUE,FALSE
LIV,2001,38,67,30,37,-35.68,32.66,-3.02,80,2.105263158,-16.948,Houllier,Moores,FALSE,FALSE
MAN,2001,38,87,45,42,-97.87,49.7,-48.17,77,2.026315789,-48.29948052,Ferguson,McManus,FALSE,FALSE
NEW,2001,38,74,52,22,-36.01,7.37,-28.64,71,1.868421053,-19.27295775,Robson,Hall,FALSE,FALSE
LEE,2001,38,53,37,16,-52.78,5.22,-47.56,66,1.736842105,-30.38848485,O_Leary,Ridsdale,FALSE,FALSE
CHE,2001,38,66,38,28,-51.07,15.07,-36,64,1.684210526,-30.3228125,Ranieri,Harding,FALSE,FALSE
WHU,2001,38,48,57,-9,-26.46,20.66,-5.8,53,1.394736842,-18.97132075,Roeder,Brown,FALSE,FALSE
TOT,2001,38,49,53,-4,-31.98,11.12,-20.86,50,1.315789474,-24.3048,Hoddle,ENIC,FALSE,FALSE
AVL,2001,38,46,47,-1,-29.75,19.24,-10.51,50,1.315789474,-22.61,Gregory,Lerner,FALSE,FALSE
BRO,2001,38,55,51,4,-36.88,12.17,-24.71,46,1.210526316,-30.46608696,Souness,Walter,FALSE,FALSE
MID,2001,38,35,47,-12,-25.88,6.15,-19.73,45,1.184210526,-21.85422222,McClaren,Gibson,FALSE,FALSE
SOU,2001,38,46,54,-8,-22.06,16.47,-5.59,45,1.184210526,-18.62844444,Strachan,Lowe,FALSE,FALSE
FUL,2001,38,36,44,-8,-57.68,1.17,-56.51,44,1.157894737,-49.81454545,Tigana,Al-Fayed,FALSE,FALSE
CHA,2001,38,38,49,-11,-15.39,1.57,-13.82,44,1.157894737,-13.29136364,Curbishley,Richard_Murray,FALSE,FALSE
EVE,2001,38,45,57,-12,-11.97,13.59,1.62,43,1.131578947,-10.57813953,W_Smith,Woods,FALSE,FALSE
SUN,2001,38,29,51,-22,-31.87,14.63,-17.24,40,1.052631579,-30.2765,Reid,Drumaville,FALSE,FALSE
BOL,2001,38,44,62,-18,-3.57,0.08,-3.49,40,1.052631579,-3.3915,Allardyce,Burnden_Leisure,FALSE,FALSE
IPS,2001,38,41,64,-23,-23.06,15.39,-7.67,36,0.947368421,-24.34111111,Burley,Evans,FALSE,TRUE
DER,2001,38,33,63,-30,-5.23,19.95,14.72,30,0.789473684,-6.624666667,Todd,American_Partners,FALSE,TRUE
LEI,2001,38,30,64,-34,-20.63,3.45,-17.18,28,0.736842105,-27.99785714,Bassett,Mandaric,FALSE,TRUE
MAN,2000,38,79,31,48,-13.34,11.26,-2.08,80,2.105263158,-6.3365,Ferguson,McManus,TRUE,FALSE
ARS,2000,38,63,38,25,-64.18,69.23,5.05,70,1.842105263,-34.84057143,Wenger,ITV_plc,FALSE,FALSE
LIV,2000,38,71,39,32,-38.76,22.27,-16.49,69,1.815789474,-21.34608696,Houllier,Moores,FALSE,FALSE
LEE,2000,38,64,43,21,-60.59,13.83,-46.76,68,1.789473684,-33.85911765,O_Leary,Ridsdale,FALSE,FALSE
IPS,2000,38,57,42,15,-10.94,5.13,-5.81,66,1.736842105,-6.298787879,Burley,Evans,FALSE,FALSE
CHE,2000,38,68,45,23,-59.72,44.12,-15.6,61,1.605263158,-37.20262295,Ranieri,Harding,FALSE,FALSE
SUN,2000,38,46,41,5,-21.62,6.3,-15.32,57,1.5,-14.41333333,Reid,Drumaville,FALSE,FALSE
AVL,2000,38,46,43,3,-26.68,23.37,-3.31,54,1.421052632,-18.77481481,Gregory,Lerner,FALSE,FALSE
CHA,2000,38,50,57,-7,-23.71,0.606,-23.104,52,1.368421053,-17.32653846,Curbishley,Richard_Murray,FALSE,FALSE
SOU,2000,38,40,48,-8,0,0.165,0.165,52,1.368421053,0,Hoodle,Lowe,FALSE,FALSE
NEW,2000,38,44,50,-6,-29.54,24,-5.54,51,1.342105263,-22.01019608,Robson,Hall,FALSE,FALSE
TOT,2000,38,47,54,-7,-29.34,2.8,-26.54,49,1.289473684,-22.75346939,Graham,Sugar,FALSE,FALSE
LEI,2000,38,39,51,-12,-13.4,11.06,-2.34,48,1.263157895,-10.60833333,Taylor,Mandaric,FALSE,FALSE
EVE,2000,38,45,59,-14,-39.31,40.53,1.22,42,1.105263158,-35.56619048,W_Smith,Woods,FALSE,FALSE
MID,2000,38,44,44,0,-37.39,11.4,-25.99,42,1.105263158,-33.82904762,Venables,Gibson,FALSE,FALSE
WHU,2000,38,45,50,-5,-19.54,48.34,28.8,42,1.105263158,-17.67904762,Redknapp,Brown,FALSE,FALSE
DER,2000,38,37,59,-22,-15.19,7.92,-7.27,42,1.105263158,-13.74333333,J_Smith,American_Partners,FALSE,FALSE
MCI,2000,38,41,65,-24,-22.89,1.67,-21.22,34,0.894736842,-25.58294118,Royle,UKSIL,FALSE,TRUE
COV,2000,38,36,63,-27,-21.66,29.95,8.29,34,0.894736842,-24.20823529,Strachan,RVP,FALSE,TRUE
BRAD,2000,38,30,70,-40,-7.53,9.43,1.9,26,0.684210526,-11.00538462,Hutchings,Reynolds,FALSE,TRUE
MAN,1999,38,97,45,52,-9.06,0.399,-8.661,91,2.394736842,-3.783296703,Ferguson,McManus,TRUE,FALSE
ARS,1999,38,73,43,30,-25.82,47.37,21.55,73,1.921052632,-13.44054795,Wenger,ITV_plc,FALSE,FALSE
LEE,1999,38,58,43,15,-40.7,25.37,-15.33,69,1.815789474,-22.41449275,O_Leary,Ridsdale,FALSE,FALSE
LIV,1999,38,51,30,21,-62.13,13.2,-48.93,67,1.763157895,-35.23791045,Houllier,Moores,FALSE,FALSE
CHE,1999,38,53,34,19,-30.04,7.87,-22.17,65,1.710526316,-17.56184615,Vialli,Harding,FALSE,FALSE
SUN,1999,38,57,56,1,-19.03,13.79,-5.24,58,1.526315789,-12.46793103,Reid,Drumaville,FALSE,FALSE
AVL,1999,38,46,35,11,-10.94,6.06,-4.88,58,1.526315789,-7.167586207,Gregory,Lerner,FALSE,FALSE
WHU,1999,38,52,53,-1,-8.91,12.6,3.69,55,1.447368421,-6.156,Redknapp,Brown,FALSE,FALSE
LEI,1999,38,55,55,0,-7.18,18.9,11.72,55,1.447368421,-4.960727273,O_Neil,Mandaric,FALSE,FALSE
TOT,1999,38,57,49,8,-19.38,2.05,-17.33,53,1.394736842,-13.89509434,Graham,Sugar,FALSE,FALSE
NEW,1999,38,63,54,9,-30.15,24.97,-5.18,52,1.368421053,-22.03269231,Robson,Hall,FALSE,FALSE
MID,1999,38,46,52,-6,-11.76,15.79,4.03,52,1.368421053,-8.593846154,Robson,Gibson,FALSE,FALSE
EVE,1999,38,59,49,10,-9.01,23.18,14.17,50,1.315789474,-6.8476,W_Smith,Woods,FALSE,FALSE
COV,1999,38,47,54,-7,-22.32,17.56,-4.76,44,1.157894737,-19.27636364,Strachan,RVP,FALSE,FALSE
SOU,1999,38,45,62,-17,-3.9,0.804,-3.096,44,1.157894737,-3.368181818,D_Jones,Lowe,FALSE,FALSE
DER,1999,38,44,57,-13,-18.7,8.72,-9.98,38,1,-18.7,J_Smith,American_Partners,FALSE,FALSE
BRAD,1999,38,38,68,-30,-3.06,0.945,-2.115,36,0.947368421,-3.23,Jewell,Reynolds,FALSE,FALSE
WIM,1999,38,46,74,-28,-9.41,9.89,0.48,33,0.868421053,-10.83575758,Olsen,Martin,FALSE,TRUE
SHEW,1999,38,38,70,-32,-9.12,4.6,-4.52,31,0.815789474,-11.17935484,D_Wilson,Attenburough,FALSE,TRUE
WAT,1999,38,35,77,-42,-4.16,0.561,-3.599,24,0.631578947,-6.586666667,Taylor,Bassini,FALSE,TRUE
MAN,1998,38,80,37,43,-51.02,6.9,-44.12,79,2.078947368,-24.54126582,Ferguson,McManus,TRUE,FALSE
ARS,1998,38,59,17,42,-21.32,0.855,-20.465,78,2.052631579,-10.38666667,Wenger,ITV_plc,FALSE,FALSE
CHE,1998,38,57,30,27,-22,6.67,-15.33,75,1.973684211,-11.14666667,Vialli,Harding,FALSE,FALSE
LEE,1998,38,62,34,28,-9.63,0.228,-9.402,67,1.763157895,-5.461791045,O_Leary,Ridsdale,FALSE,FALSE
WHU,1998,38,46,53,-7,-12.64,21.67,9.03,57,1.5,-8.426666667,Redknapp,Brown,FALSE,FALSE
AVL,1998,38,51,46,5,-47.97,28.48,-19.49,55,1.447368421,-33.14290909,Gregory,Lerner,FALSE,FALSE
LIV,1998,38,68,49,19,-15.25,8.01,-7.24,54,1.421052632,-10.73148148,Houllier,Moores,FALSE,FALSE
DER,1998,38,40,45,-5,-6.44,18.41,11.97,52,1.368421053,-4.706153846,J_Smith,American_Partners,FALSE,FALSE
MID,1998,38,48,54,-6,-13.77,15.95,2.18,51,1.342105263,-10.26,Robson,Gibson,FALSE,FALSE
LEI,1998,38,40,46,-6,-10.15,1.14,-9.01,49,1.289473684,-7.871428571,O_Neil,Mandaric,FALSE,FALSE
TOT,1998,38,47,50,-3,-11.14,2.05,-9.09,47,1.236842105,-9.006808511,Graham,Sugar,FALSE,FALSE
NEW,1998,38,48,54,-6,-47.14,34.03,-13.11,46,1.210526316,-38.94173913,Dalglish,Hall,FALSE,FALSE
SHEW,1998,38,41,42,-1,-5.26,3.56,-1.7,46,1.210526316,-4.345217391,D_Wilson,Attenburough,FALSE,FALSE
EVE,1998,38,42,47,-5,-33.46,14.31,-19.15,43,1.131578947,-29.56930233,W_Smith,Woods,FALSE,FALSE
WIM,1998,38,40,63,-23,-19.1,0,-19.1,42,1.105263158,-17.28095238,Kinnear,Martin,FALSE,FALSE
COV,1998,38,39,51,-12,-8.77,14.59,5.82,42,1.105263158,-7.934761905,Strachan,RVP,FALSE,FALSE
SOU,1998,38,37,64,-27,-8.32,14.36,6.04,41,1.078947368,-7.711219512,D_Jones,Lowe,FALSE,FALSE
CHA,1998,38,41,56,-15,-4.49,0.342,-4.148,36,0.947368421,-4.739444444,Curbishley,Richard_Murray,FALSE,TRUE
BRO,1998,38,38,52,-14,-64.28,18.29,-45.99,35,0.921052632,-69.78971429,Kidd,Walter,FALSE,TRUE
NOT,1998,38,35,69,-34,-9.69,20.69,11,30,0.789473684,-12.274,Bassett,Waters,FALSE,TRUE
ARS,1997,38,68,33,35,-25.11,1.39,-23.72,78,2.052631579,-12.23307692,Wenger,ITV_plc,TRUE,FALSE
MAN,1997,38,73,26,47,-15.45,1.42,-14.03,77,2.026315789,-7.624675325,Ferguson,McManus,FALSE,FALSE
LIV,1997,38,68,42,26,-21.15,14.84,-6.31,65,1.710526316,-12.36461538,Evans,Moores,FALSE,FALSE
CHE,1997,38,71,43,28,-20.29,2.91,-17.38,63,1.657894737,-12.2384127,Gullit,Harding,FALSE,FALSE
LEE,1997,38,57,46,11,-18.14,6.1,-12.04,59,1.552631579,-11.68338983,Graham,Ridsdale,FALSE,FALSE
BRO,1997,38,57,52,5,-11.54,31.72,20.18,58,1.526315789,-7.560689655,Hodgson,Walter,FALSE,FALSE
AVL,1997,38,49,48,1,-11.97,3.82,-8.15,57,1.5,-7.98,Little,Lerner,FALSE,FALSE
WHU,1997,38,56,57,-1,-14.36,2.28,-12.08,56,1.473684211,-9.744285714,Redknapp,Brown,FALSE,FALSE
DER,1997,38,52,49,3,-2.62,3.55,0.93,55,1.447368421,-1.810181818,J_Smith,American_Partners,FALSE,FALSE
LEI,1997,38,51,41,10,-2.91,1.45,-1.46,53,1.394736842,-2.086415094,O_Neil,Mandaric,FALSE,FALSE
COV,1997,38,46,44,2,-9.58,3.71,-5.87,52,1.368421053,-7.000769231,Strachan,RVP,FALSE,FALSE
SOU,1997,38,50,55,-5,-7.04,8.64,1.6,48,1.263157895,-5.573333333,D_Jones,Lowe,FALSE,FALSE
NEW,1997,38,35,44,-9,-38.29,18.83,-19.46,44,1.157894737,-33.06863636,Dalglish,Hall,FALSE,FALSE
TOT,1997,38,44,56,-12,-20.18,6.56,-13.62,44,1.157894737,-17.42818182,Gross,Sugar,FALSE,FALSE
SHEW,1997,38,52,67,-15,-11.15,5.59,-5.56,44,1.157894737,-9.629545455,Atkinson,Attenburough,FALSE,FALSE
WIM,1997,38,34,46,-12,-5.43,12.76,7.33,44,1.157894737,-4.689545455,Kinnear,Martin,FALSE,FALSE
BOL,1997,38,41,61,-20,-16.97,2.18,-14.79,40,1.052631579,-16.1215,Todd,Burnden_Leisure,FALSE,TRUE
EVE,1997,38,41,56,-15,-9.03,16.25,7.22,40,1.052631579,-8.5785,W_Smith,Woods,FALSE,FALSE
BARN,1997,38,37,82,-45,-7.4,1.52,-5.88,35,0.921052632,-8.034285714,Wilson,Scott,FALSE,TRUE
CRY,1997,38,37,71,-34,-15.62,6.95,-8.67,33,0.868421053,-17.98666667,Coppell,CPFC,FALSE,TRUE
MAN,1996,38,76,44,32,-12.8,9.11,-3.69,75,1.973684211,-6.485333333,Ferguson,McManus,TRUE,FALSE
NEW,1996,38,73,40,33,-32.6,9.65,-22.95,68,1.789473684,-18.21764706,Keegan,Hall,FALSE,FALSE
ARS,1996,38,62,32,30,-6.97,16.81,9.84,68,1.789473684,-3.895,Wenger,ITV_plc,FALSE,FALSE
LIV,1996,38,62,37,25,-3.99,3.42,-0.57,68,1.789473684,-2.229705882,Evans,Moores,FALSE,FALSE
AVL,1996,38,47,34,13,-9.23,5,-4.23,61,1.605263158,-5.749836066,Little,Lerner,FALSE,FALSE
CHE,1996,38,58,55,3,-17.74,4.16,-13.58,59,1.552631579,-11.42576271,Gullit,Harding,FALSE,FALSE
SHEW,1996,38,50,51,-1,-9.17,9.48,0.31,57,1.5,-6.113333333,Pleat,Attenburough,FALSE,FALSE
WIM,1996,38,49,46,3,-3.17,0.137,-3.033,56,1.473684211,-2.151071429,Kinnear,Martin,FALSE,FALSE
LEI,1996,38,46,54,-8,-8.84,4.33,-4.51,47,1.236842105,-7.147234043,O_Neil,Mandaric,FALSE,FALSE
LEE,1996,38,28,38,-10,-18.95,1.08,-17.87,46,1.210526316,-15.65434783,Graham,Ridsdale,FALSE,FALSE
TOT,1996,38,44,51,-7,-9.41,1.64,-7.77,46,1.210526316,-7.773478261,Francis,Sugar,FALSE,FALSE
DER,1996,38,45,58,-13,-3.86,0.642,-3.218,46,1.210526316,-3.188695652,J_Smith,American_Partners,FALSE,FALSE
WHU,1996,38,39,48,-9,-15.05,2.3,-12.75,42,1.105263158,-13.61666667,Redknapp,Brown,FALSE,FALSE
EVE,1996,38,44,57,-13,-12.26,14.86,2.6,42,1.105263158,-11.09238095,Royle,Woods,FALSE,FALSE
BRO,1996,38,42,43,-1,0,24.99,24.99,42,1.105263158,0,Parkes,Walter,FALSE,FALSE
COV,1996,38,38,54,-16,-4.85,2.28,-2.57,41,1.078947368,-4.495121951,Strachan,RVP,FALSE,FALSE
SOU,1996,38,50,56,-6,-3.7,5.85,2.15,41,1.078947368,-3.429268293,Souness,Lowe,FALSE,FALSE
SUN,1996,38,35,53,-18,-7.87,0.205,-7.665,40,1.052631579,-7.4765,Reid,Drumaville,FALSE,TRUE
MID,1996,38,51,60,-9,-18.67,11.06,-7.61,39,1.026315789,-18.19128205,Robson,Gibson,FALSE,TRUE
NOT,1996,38,31,59,-28,-11.04,0.804,-10.236,34,0.894736842,-12.33882353,Pearce,Waters,FALSE,TRUE
MAN,1995,38,73,35,38,0.656,22.79,23.446,82,2.157894737,0.304,Ferguson,McManus,TRUE,FALSE
NEW,1995,38,66,37,29,-28.04,8.93,-19.11,78,2.052631579,-13.66051282,Keegan,Hall,FALSE,FALSE
LIV,1995,38,70,34,36,-21.95,1.94,-20.01,71,1.868421053,-11.74788732,Evans,Moores,FALSE,FALSE
ARS,1995,38,49,32,17,-20.92,2.51,-18.41,63,1.657894737,-12.6184127,Wenger,ITV_plc,FALSE,FALSE
AVL,1995,38,52,35,17,-12.61,3.85,-8.76,63,1.657894737,-7.606031746,Little,Lerner,FALSE,FALSE
EVE,1995,38,64,44,20,-19.67,0,-19.67,61,1.605263158,-12.25344262,Royle,Woods,FALSE,FALSE
BRO,1995,38,61,47,14,-16.22,6.38,-9.84,61,1.605263158,-10.1042623,Harford,Walter,FALSE,FALSE
TOT,1995,38,50,38,12,-15.24,15.39,0.15,61,1.605263158,-9.493770492,Francis,Sugar,FALSE,FALSE
NOT,1995,38,50,54,-4,-4.38,15.89,11.51,58,1.526315789,-2.869655172,Clark,Waters,FALSE,FALSE
WHU,1995,38,43,52,-9,-5.38,5.78,0.4,51,1.342105263,-4.008627451,Redknapp,Brown,FALSE,FALSE
CHE,1995,38,46,44,2,-2.17,2.09,-0.08,50,1.315789474,-1.6492,Hoddle,Harding,FALSE,FALSE
MID,1995,38,35,50,-15,-14.82,0.428,-14.392,43,1.131578947,-13.09674419,Robson,Gibson,FALSE,FALSE
LEE,1995,38,40,57,-17,-5.36,5.72,0.36,43,1.131578947,-4.736744186,Wilkinson,Ridsdale,FALSE,FALSE
WIM,1995,38,55,70,-15,0.832,5.13,5.962,41,1.078947368,0.771121951,Kinnear,Martin,FALSE,FALSE
SHEW,1995,38,48,61,-13,-14.54,7.18,-7.36,40,1.052631579,-13.813,Pleat,Attenburough,FALSE,FALSE
MCI,1995,38,33,58,-25,-13.41,7.9,-5.51,38,1,-13.41,Ball,UKSIL,FALSE,TRUE
COV,1995,38,42,60,-18,-7.12,2.92,-4.2,38,1,-7.12,Atkinson,RVP,FALSE,FALSE
SOU,1995,38,34,52,-18,-2.55,0.14,-2.41,38,1,-2.55,Merrington,Lowe,FALSE,FALSE
QPR,1995,38,38,57,-19,-6.08,13.78,7.7,33,0.868421053,-7.001212121,Wilkins,Fernandes,FALSE,TRUE
BOL,1995,38,39,71,-32,-9.85,7.96,-1.89,29,0.763157895,-12.90689655,McFarland,Burnden_Leisure,FALSE,TRUE
,,,,,,,,,,,,,,,
,,,,,,,,,,,,,,,
,,,,,,,,,,,,,,,
,,,,,,,,,,,,,,,
,,,,,,,,,,,,,,,
,,,,,,,,,,,,,,,
,,,,,,,,,,,,,,,
,,,,,,,,,,,,,,,
,,,,,,,,,,,,,,,
,,,,,,,,,,,,,,,
,,,,,,,,,,,,,,,
,,,,,,,,,,,,,,,
,,,,,,,,,,,,,,,
,,,,,,,,,,,,,,,
,,,,,,,,,,,,,,,
,,,,,,,,,,,,,,,
,,,,,,,,,,,,,,,
,,,,,,,,,,,,,,,
,,,,,,,,,,,,,,,
,,,,,,,,,,,,,,,
,,,,,,,,,,,,,,,
,,,,,,,,,,,,,,,
,,,,,,,,,,,,,,,
,,,,,,,,,,,,,,,
,,,,,,,,,,,,,,,
,,,,,,,,,,,,,,,
,,,,,,,,,,,,,,,
,,,,,,,,,,,,,,,
,,,,,,,,,,,,,,,
,,,,,,,,,,,,,,,
,,,,,,,,,,,,,,,
,,,,,,,,,,,,,,,
,,,,,,,,,,,,,,,
,,,,,,,,,,,,,,,
,,,,,,,,,,,,,,,
,,,,,,,,,,,,,,,
,,,,,,,,,,,,,,,
,,,,,,,,,,,,,,,
,,,,,,,,,,,,,,,
,,,,,,,,,,,,,,,
,,,,,,,,,,,,,,,
,,,,,,,,,,,,,,,
,,,,,,,,,,,,,,,
,,,,,,,,,,,,,,,
,,,,,,,,,,,,,,,
,,,,,,,,,,,,,,,
,,,,,,,,,,,,,,,
,,,,,,,,,,,,,,,
,,,,,,,,,,,,,,,
,,,,,,,,,,,,,,,
,,,,,,,,,,,,,,,
,,,,,,,,,,,,,,,
,,,,,,,,,,,,,,,
,,,,,,,,,,,,,,,
,,,,,,,,,,,,,,,
,,,,,,,,,,,,,,,
,,,,,,,,,,,,,,,
,,,,,,,,,,,,,,,
,,,,,,,,,,,,,,,
,,,,,,,,,,,,,,,
,,,,,,,,,,,,,,,
,,,,,,,,,,,,,,,
,,,,,,,,,,,,,,,
,,,,,,,,,,,,,,,
,,,,,,,,,,,,,,,
,,,,,,,,,,,,,,,
,,,,,,,,,,,,,,,
,,,,,,,,,,,,,,,
,,,,,,,,,,,,,,,
,,,,,,,,,,,,,,,
,,,,,,,,,,,,,,,
,,,,,,,,,,,,,,,
,,,,,,,,,,,,,,,
,,,,,,,,,,,,,,,
,,,,,,,,,,,,,,,
,,,,,,,,,,,,,,,
,,,,,,,,,,,,,,,
,,,,,,,,,,,,,,,
,,,,,,,,,,,,,,,
,,,,,,,,,,,,,,,
,,,,,,,,,,,,,,,
,,,,,,,,,,,,,,,
,,,,,,,,,,,,,,,
,,,,,,,,,,,,,,,
,,,,,,,,,,,,,,,
,,,,,,,,,,,,,,,
,,,,,,,,,,,,,,,
,,,,,,,,,,,,,,,
,,,,,,,,,,,,,,,
,,,,,,,,,,,,,,,
,,,,,,,,,,,,,,,
,,,,,,,,,,,,,,,
,,,,,,,,,,,,,,,
,,,,,,,,,,,,,,,
,,,,,,,,,,,,,,,
,,,,,,,,,,,,,,,
,,,,,,,,,,,,,,,
,,,,,,,,,,,,,,,
,,,,,,,,,,,,,,,
,,,,,,,,,,,,,,,
,,,,,,,,,,,,,,,
,,,,,,,,,,,,,,,
,,,,,,,,,,,,,,,
,,,,,,,,,,,,,,,
,,,,,,,,,,,,,,,
,,,,,,,,,,,,,,,
,,,,,,,,,,,,,,,
,,,,,,,,,,,,,,,
,,,,,,,,,,,,,,,
,,,,,,,,,,,,,,,
,,,,,,,,,,,,,,,
,,,,,,,,,,,,,,,
,,,,,,,,,,,,,,,
,,,,,,,,,,,,,,,
,,,,,,,,,,,,,,,
,,,,,,,,,,,,,,,
,,,,,,,,,,,,,,,
,,,,,,,,,,,,,,,
,,,,,,,,,,,,,,,
,,,,,,,,,,,,,,,
,,,,,,,,,,,,,,,
,,,,,,,,,,,,,,,
,,,,,,,,,,,,,,,
,,,,,,,,,,,,,,,
,,,,,,,,,,,,,,,
,,,,,,,,,,,,,,,
,,,,,,,,,,,,,,,
,,,,,,,,,,,,,,,
,,,,,,,,,,,,,,,
,,,,,,,,,,,,,,,
,,,,,,,,,,,,,,,
,,,,,,,,,,,,,,,
,,,,,,,,,,,,,,,
,,,,,,,,,,,,,,,
,,,,,,,,,,,,,,,
,,,,,,,,,,,,,,,
,,,,,,,,,,,,,,,
,,,,,,,,,,,,,,,
,,,,,,,,,,,,,,,
,,,,,,,,,,,,,,,
,,,,,,,,,,,,,,,
,,,,,,,,,,,,,,,
,,,,,,,,,,,,,,,
,,,,,,,,,,,,,,,
,,,,,,,,,,,,,,,
,,,,,,,,,,,,,,,
,,,,,,,,,,,,,,,
,,,,,,,,,,,,,,,
,,,,,,,,,,,,,,,
,,,,,,,,,,,,,,,
,,,,,,,,,,,,,,,
,,,,,,,,,,,,,,,
,,,,,,,,,,,,,,,
,,,,,,,,,,,,,,,
,,,,,,,,,,,,,,,
,,,,,,,,,,,,,,,
,,,,,,,,,,,,,,,
,,,,,,,,,,,,,,,
,,,,,,,,,,,,,,,
,,,,,,,,,,,,,,,
,,,,,,,,,,,,,,,
,,,,,,,,,,,,,,,
,,,,,,,,,,,,,,,
,,,,,,,,,,,,,,,
,,,,,,,,,,,,,,,
,,,,,,,,,,,,,,,
,,,,,,,,,,,,,,,
,,,,,,,,,,,,,,,
,,,,,,,,,,,,,,,
,,,,,,,,,,,,,,,
,,,,,,,,,,,,,,,
,,,,,,,,,,,,,,,
,,,,,,,,,,,,,,,
,,,,,,,,,,,,,,,
,,,,,,,,,,,,,,,
,,,,,,,,,,,,,,,
,,,,,,,,,,,,,,,
,,,,,,,,,,,,,,,
,,,,,,,,,,,,,,,
,,,,,,,,,,,,,,,
,,,,,,,,,,,,,,,
,,,,,,,,,,,,,,,
,,,,,,,,,,,,,,,
,,,,,,,,,,,,,,,
,,,,,,,,,,,,,,,
,,,,,,,,,,,,,,,
,,,,,,,,,,,,,,,
,,,,,,,,,,,,,,,
,,,,,,,,,,,,,,,
,,,,,,,,,,,,,,,
,,,,,,,,,,,,,,,
,,,,,,,,,,,,,,,
,,,,,,,,,,,,,,,
,,,,,,,,,,,,,,,
,,,,,,,,,,,,,,,
,,,,,,,,,,,,,,,
,,,,,,,,,,,,,,,
,,,,,,,,,,,,,,,
,,,,,,,,,,,,,,,
,,,,,,,,,,,,,,,
,,,,,,,,,,,,,,,
,,,,,,,,,,,,,,,
,,,,,,,,,,,,,,,
,,,,,,,,,,,,,,,
,,,,,,,,,,,,,,,
,,,,,,,,,,,,,,,
,,,,,,,,,,,,,,,
,,,,,,,,,,,,,,,
,,,,,,,,,,,,,,,
,,,,,,,,,,,,,,,
,,,,,,,,,,,,,,,
,,,,,,,,,,,,,,,
,,,,,,,,,,,,,,,
,,,,,,,,,,,,,,,
,,,,,,,,,,,,,,,
,,,,,,,,,,,,,,,
,,,,,,,,,,,,,,,
,,,,,,,,,,,,,,,
,,,,,,,,,,,,,,,
,,,,,,,,,,,,,,,
,,,,,,,,,,,,,,,
,,,,,,,,,,,,,,,
,,,,,,,,,,,,,,,
,,,,,,,,,,,,,,,
,,,,,,,,,,,,,,,
,,,,,,,,,,,,,,,
,,,,,,,,,,,,,,,
,,,,,,,,,,,,,,,
,,,,,,,,,,,,,,,
,,,,,,,,,,,,,,,
,,,,,,,,,,,,,,,
,,,,,,,,,,,,,,,
,,,,,,,,,,,,,,,
,,,,,,,,,,,,,,,
,,,,,,,,,,,,,,,
,,,,,,,,,,,,,,,
,,,,,,,,,,,,,,,
,,,,,,,,,,,,,,,
,,,,,,,,,,,,,,,
,,,,,,,,,,,,,,,
,,,,,,,,,,,,,,,
,,,,,,,,,,,,,,,
,,,,,,,,,,,,,,,
,,,,,,,,,,,,,,,
,,,,,,,,,,,,,,,
,,,,,,,,,,,,,,,
,,,,,,,,,,,,,,,
,,,,,,,,,,,,,,,
,,,,,,,,,,,,,,,
,,,,,,,,,,,,,,,
,,,,,,,,,,,,,,,
,,,,,,,,,,,,,,,
,,,,,,,,,,,,,,,
,,,,,,,,,,,,,,,
,,,,,,,,,,,,,,,
,,,,,,,,,,,,,,,
,,,,,,,,,,,,,,,
,,,,,,,,,,,,,,,
,,,,,,,,,,,,,,,
,,,,,,,,,,,,,,,
,,,,,,,,,,,,,,,
,,,,,,,,,,,,,,,
,,,,,,,,,,,,,,,
,,,,,,,,,,,,,,,
,,,,,,,,,,,,,,,
,,,,,,,,,,,,,,,
,,,,,,,,,,,,,,,
,,,,,,,,,,,,,,,
,,,,,,,,,,,,,,,
,,,,,,,,,,,,,,,
,,,,,,,,,,,,,,,
,,,,,,,,,,,,,,,
,,,,,,,,,,,,,,,
,,,,,,,,,,,,,,,
,,,,,,,,,,,,,,,
,,,,,,,,,,,,,,,
,,,,,,,,,,,,,,,
,,,,,,,,,,,,,,,
,,,,,,,,,,,,,,,
,,,,,,,,,,,,,,,
,,,,,,,,,,,,,,,
,,,,,,,,,,,,,,,
,,,,,,,,,,,,,,,
,,,,,,,,,,,,,,,
,,,,,,,,,,,,,,,
,,,,,,,,,,,,,,,
,,,,,,,,,,,,,,,
,,,,,,,,,,,,,,,
,,,,,,,,,,,,,,,
,,,,,,,,,,,,,,,
,,,,,,,,,,,,,,,
,,,,,,,,,,,,,,,
,,,,,,,,,,,,,,,
,,,,,,,,,,,,,,,
,,,,,,,,,,,,,,,
,,,,,,,,,,,,,,,
,,,,,,,,,,,,,,,
,,,,,,,,,,,,,,,
,,,,,,,,,,,,,,,
,,,,,,,,,,,,,,,
,,,,,,,,,,,,,,,
,,,,,,,,,,,,,,,
,,,,,,,,,,,,,,,
,,,,,,,,,,,,,,,
,,,,,,,,,,,,,,,
,,,,,,,,,,,,,,,
,,,,,,,,,,,,,,,
,,,,,,,,,,,,,,,
,,,,,,,,,,,,,,,
,,,,,,,,,,,,,,,
,,,,,,,,,,,,,,,
,,,,,,,,,,,,,,,
,,,,,,,,,,,,,,,
,,,,,,,,,,,,,,,
,,,,,,,,,,,,,,,
,,,,,,,,,,,,,,,
,,,,,,,,,,,,,,,
,,,,,,,,,,,,,,,
,,,,,,,,,,,,,,,
,,,,,,,,,,,,,,,
,,,,,,,,,,,,,,,
,,,,,,,,,,,,,,,
,,,,,,,,,,,,,,,
,,,,,,,,,,,,,,,
,,,,,,,,,,,,,,,
,,,,,,,,,,,,,,,
,,,,,,,,,,,,,,,
,,,,,,,,,,,,,,,
,,,,,,,,,,,,,,,
,,,,,,,,,,,,,,,
,,,,,,,,,,,,,,,
,,,,,,,,,,,,,,,
,,,,,,,,,,,,,,,
,,,,,,,,,,,,,,,
,,,,,,,,,,,,,,,
,,,,,,,,,,,,,,,
,,,,,,,,,,,,,,,
,,,,,,,,,,,,,,,
,,,,,,,,,,,,,,,
,,,,,,,,,,,,,,,
,,,,,,,,,,,,,,,
,,,,,,,,,,,,,,,
,,,,,,,,,,,,,,,
,,,,,,,,,,,,,,,
,,,,,,,,,,,,,,,
,,,,,,,,,,,,,,,
,,,,,,,,,,,,,,,
,,,,,,,,,,,,,,,
,,,,,,,,,,,,,,,
,,,,,,,,,,,,,,,
,,,,,,,,,,,,,,,
,,,,,,,,,,,,,,,
,,,,,,,,,,,,,,,
,,,,,,,,,,,,,,,
,,,,,,,,,,,,,,,
,,,,,,,,,,,,,,,
,,,,,,,,,,,,,,,
,,,,,,,,,,,,,,,
,,,,,,,,,,,,,,,
,,,,,,,,,,,,,,,
,,,,,,,,,,,,,,,
,,,,,,,,,,,,,,,
,,,,,,,,,,,,,,,
,,,,,,,,,,,,,,,
,,,,,,,,,,,,,,,
,,,,,,,,,,,,,,,
,,,,,,,,,,,,,,,
,,,,,,,,,,,,,,,
,,,,,,,,,,,,,,,
,,,,,,,,,,,,,,,
,,,,,,,,,,,,,,,
,,,,,,,,,,,,,,,
,,,,,,,,,,,,,,,
,,,,,,,,,,,,,,,
,,,,,,,,,,,,,,,
,,,,,,,,,,,,,,,
,,,,,,,,,,,,,,,
,,,,,,,,,,,,,,,
,,,,,,,,,,,,,,,
,,,,,,,,,,,,,,,
,,,,,,,,,,,,,,,
,,,,,,,,,,,,,,,
,,,,,,,,,,,,,,,
,,,,,,,,,,,,,,,
,,,,,,,,,,,,,,,
,,,,,,,,,,,,,,,
,,,,,,,,,,,,,,,
,,,,,,,,,,,,,,,
,,,,,,,,,,,,,,,
,,,,,,,,,,,,,,,
,,,,,,,,,,,,,,,
,,,,,,,,,,,,,,,
,,,,,,,,,,,,,,,
,,,,,,,,,,,,,,,
,,,,,,,,,,,,,,,
,,,,,,,,,,,,,,,
,,,,,,,,,,,,,,,
,,,,,,,,,,,,,,,
,,,,,,,,,,,,,,,
,,,,,,,,,,,,,,,
,,,,,,,,,,,,,,,
,,,,,,,,,,,,,,,
,,,,,,,,,,,,,,,
,,,,,,,,,,,,,,,
,,,,,,,,,,,,,,,
,,,,,,,,,,,,,,,
,,,,,,,,,,,,,,,
,,,,,,,,,,,,,,,
,,,,,,,,,,,,,,,
,,,,,,,,,,,,,,,
,,,,,,,,,,,,,,,
,,,,,,,,,,,,,,,
,,,,,,,,,,,,,,,
,,,,,,,,,,,,,,,
,,,,,,,,,,,,,,,
,,,,,,,,,,,,,,,
,,,,,,,,,,,,,,,
,,,,,,,,,,,,,,,
,,,,,,,,,,,,,,,
,,,,,,,,,,,,,,,
,,,,,,,,,,,,,,,
,,,,,,,,,,,,,,,
,,,,,,,,,,,,,,,
,,,,,,,,,,,,,,,
,,,,,,,,,,,,,,,
,,,,,,,,,,,,,,,
,,,,,,,,,,,,,,,
,,,,,,,,,,,,,,,
,,,,,,,,,,,,,,,
,,,,,,,,,,,,,,,
,,,,,,,,,,,,,,,
,,,,,,,,,,,,,,,
,,,,,,,,,,,,,,,
,,,,,,,,,,,,,,,
,,,,,,,,,,,,,,,
,,,,,,,,,,,,,,,
,,,,,,,,,,,,,,,
,,,,,,,,,,,,,,,
,,,,,,,,,,,,,,,
,,,,,,,,,,,,,,,
,,,,,,,,,,,,,,,
,,,,,,,,,,,,,,,
,,,,,,,,,,,,,,,
,,,,,,,,,,,,,,,
,,,,,,,,,,,,,,,
,,,,,,,,,,,,,,,
,,,,,,,,,,,,,,,
,,,,,,,,,,,,,,,
,,,,,,,,,,,,,,,
,,,,,,,,,,,,,,,
,,,,,,,,,,,,,,,
,,,,,,,,,,,,,,,
,,,,,,,,,,,,,,,
,,,,,,,,,,,,,,,
,,,,,,,,,,,,,,,
,,,,,,,,,,,,,,,
,,,,,,,,,,,,,,,
,,,,,,,,,,,,,,,
,,,,,,,,,,,,,,,
,,,,,,,,,,,,,,,
,,,,,,,,,,,,,,,
,,,,,,,,,,,,,,,
,,,,,,,,,,,,,,,
,,,,,,,,,,,,,,,
,,,,,,,,,,,,,,,
,,,,,,,,,,,,,,,
,,,,,,,,,,,,,,,
,,,,,,,,,,,,,,,
,,,,,,,,,,,,,,,
,,,,,,,,,,,,,,,
,,,,,,,,,,,,,,,
,,,,,,,,,,,,,,,
,,,,,,,,,,,,,,,
,,,,,,,,,,,,,,,
,,,,,,,,,,,,,,,
,,,,,,,,,,,,,,,
,,,,,,,,,,,,,,,
,,,,,,,,,,,,,,,
,,,,,,,,,,,,,,,
,,,,,,,,,,,,,,,
,,,,,,,,,,,,,,,
,,,,,,,,,,,,,,,
,,,,,,,,,,,,,,,
,,,,,,,,,,,,,,,
,,,,,,,,,,,,,,,
,,,,,,,,,,,,,,,
,,,,,,,,,,,,,,,
,,,,,,,,,,,,,,,
,,,,,,,,,,,,,,,
,,,,,,,,,,,,,,,
,,,,,,,,,,,,,,,
,,,,,,,,,,,,,,,
,,,,,,,,,,,,,,,
,,,,,,,,,,,,,,,
,,,,,,,,,,,,,,,
,,,,,,,,,,,,,,,
,,,,,,,,,,,,,,,
,,,,,,,,,,,,,,,
,,,,,,,,,,,,,,,
